name,time_s
Analytical; CPU; No JIT,3.5942631866782904
Analytical; CPU; JIT,0.07392536662518978
Analytical; GPU; No JIT,5.712141066789627
Analytical; GPU; JIT,0.0051366910338401794
Emulator; CPU; No JIT,0.19767301715910435
Emulator; CPU; JIT,0.06133890897035599
Emulator; GPU; No JIT,0.09965441934764385
Emulator; GPU; JIT,0.0011736638844013214
colossus,0.025381967425346375
