name,time_s
Analytical; CPU; No JIT,4.098965289071202
Analytical; CPU; JIT,0.14263994619250298
Analytical; GPU; No JIT,3.0195954646915197
Analytical; GPU; JIT,0.006060780957341194
Emulator; CPU; No JIT,0.3775371927767992
Emulator; CPU; JIT,0.09818639233708382
Emulator; GPU; No JIT,0.08539361134171486
Emulator; GPU; JIT,0.0015034861862659454
colossus,0.05073883943259716
