name,time_s
Analytical; CPU; No JIT,3.8943742364645004
Analytical; CPU; JIT,0.0973249077796936
Analytical; GPU; No JIT,5.761227812618017
Analytical; GPU; JIT,0.005341621115803719
Emulator; CPU; No JIT,0.07936801575124264
Emulator; CPU; JIT,0.006587691605091095
Emulator; GPU; No JIT,0.09373090788722038
Emulator; GPU; JIT,0.00029284507036209106
