name,time_s
Analytical; CPU; No JIT,0.11287444643676281
Analytical; CPU; JIT,0.10954282805323601
Analytical; GPU; No JIT,0.005989480763673782
Analytical; GPU; JIT,0.005302738398313522
Emulator; CPU; No JIT,0.007111862301826477
Emulator; CPU; JIT,0.006249880418181419
Emulator; GPU; No JIT,0.0007263664156198502
Emulator; GPU; JIT,0.0002797003835439682
